Model,Accuracy,Precision,Recall,F1-Score,ROC-AUC
FNN (Simple),0.5066666666666667,0.5203619909502263,0.732484076433121,0.6084656084656085,0.4834083114337891
Deep MLP,0.48,0.502283105022831,0.7006369426751592,0.5851063829787234,0.46723976660282396
